Thiago Orosco Montez;719 887 361;69;ThiagoOroscoMontez@superrito.com
Amando Rodarte Suárez;719 058 915;70;AmandoRodarteSuarez@superrito.com
Mendel Covas Castellanos;658 228 223;78;MendelCovasCastellanos@gustr.com
Mateos Ledesma Salas;601 160 970;43;MateosLedesmaSalas@superrito.com
Clío Fuentes Pedraza;783 893 268;23;ClioFuentesPedraza@superrito.com
Andreas Espinal Gil;641 148 588;25;AndreasEspinalGil@superrito.com
Alana Iglesias Rolón;765 985 730;77;AlanaIglesiasRolon@superrito.com
Carmine Cintrón Alarcón;710 745 143;62;CarmineCintronAlarcon@gustr.com
Hermógenes Alarcón Heredia;757 767 563;21;HermogenesAlarconHeredia@gustr.com
Bettina Uribe Vallejo;698 768 545;26;BettinaUribeVallejo@superrito.com
Dagmar Feliciano Zepeda;716 862 423;20;DagmarFelicianoZepeda@gustr.com
Matilde Archuleta Preciado;622 129 959;50;MatildeArchuletaPreciado@gustr.com
Benicio Alvarado Hidalgo;768 855 205;31;BenicioAlvaradoHidalgo@superrito.com
Neandro Villanueva Tórrez;770 801 571;24;NeandroVillanuevaTorrez@superrito.com
Ahinoa Paz Arroyo;683 303 574;62;AhinoaPazArroyo@superrito.com
Heraldo Ybarra Valladares;609 928 808;42;HeraldoYbarraValladares@gustr.com
Nataniel Hernández Covas;790 183 135;34;NatanielHernandezCovas@gustr.com
Heli Valverde Rico;631 621 925;18;HeliValverdeRico@gustr.com
Medea Pulido Amaya;685 049 927;20;MedeaPulidoAmaya@gustr.com
Bienvenida Altamirano Hernández;600 040 270;34;BienvenidaAltamiranoHernandez@gustr.com
